double_lift_cloth_1,cloth,False,trellis
double_lift_cloth_3,cloth,False,trellis
double_lift_sloth,sloth,True,trellis
double_lift_zebra,toy,True,trellis
double_stretch_sloth,sloth,True,trellis
double_stretch_zebra,toy,True,trellis
rope_double_hand,twine,True,trellis
single_clift_cloth_1,cloth,False,trellis
single_clift_cloth_3,cloth,False,trellis
single_lift_cloth,cloth,False,trellis
single_lift_cloth_1,cloth,False,trellis
single_lift_cloth_3,cloth,False,trellis
single_lift_cloth_4,cloth,False,trellis
single_lift_dinosor,dinosor,True,trellis
single_lift_rope,twine,True,trellis
single_lift_sloth,sloth,True,trellis
single_lift_zebra,toy,True,trellis
single_push_rope,twine,True,trellis
single_push_rope_1,twine,True,trellis
single_push_rope_4,twine,True,trellis
single_push_sloth,sloth,True,trellis
weird_package,package,False,trellis
sim_rope, twine, True, carve
sim_rigid_box, box, True, poisson
sim_rigid_box_heavy_end, rectangle box, True, poisson
sim_rigid_box_grip_lift, box, True, poisson
